Date,Description
2020-01-01,Vacances
2020-01-02,Vacances
2020-01-03,Vacances
2020-01-04,Vacances
2020-01-05,Vacances
2020-02-15,Vacances
2020-02-16,Vacances
2020-02-17,Vacances
2020-02-18,Vacances
2020-02-19,Vacances
2020-02-20,Vacances
2020-02-21,Vacances
2020-02-22,Vacances
2020-02-23,Vacances
2020-02-24,Vacances
2020-02-25,Vacances
2020-02-26,Vacances
2020-02-27,Vacances
2020-02-28,Vacances
2020-02-29,Vacances
2020-03-01,Vacances
2020-03-17,Confinement
2020-03-18,Confinement
2020-03-19,Confinement
2020-03-20,Confinement
2020-03-21,Confinement
2020-03-22,Confinement
2020-03-23,Confinement
2020-03-24,Confinement
2020-03-25,Confinement
2020-03-26,Confinement
2020-03-27,Confinement
2020-03-28,Confinement
2020-03-29,Confinement
2020-03-30,Confinement
2020-03-31,Confinement
2020-04-01,Confinement
2020-04-02,Confinement
2020-04-03,Confinement
2020-04-04,Confinement
2020-04-05,Confinement
2020-04-06,Confinement
2020-04-07,Confinement
2020-04-08,Confinement
2020-04-09,Confinement
2020-04-10,Confinement
2020-04-11,Confinement
2020-04-12,Confinement
2020-04-13,Confinement
2020-04-14,Confinement
2020-04-15,Confinement
2020-04-16,Confinement
2020-04-17,Confinement
2020-04-18,Confinement
2020-04-19,Confinement
2020-04-20,Confinement
2020-04-21,Confinement
2020-04-22,Confinement
2020-04-23,Confinement
2020-04-24,Confinement
2020-04-25,Confinement
2020-04-26,Confinement
2020-04-27,Confinement
2020-04-28,Confinement
2020-04-29,Confinement
2020-04-30,Confinement
2020-05-01,Confinement
2020-05-02,Confinement
2020-05-03,Confinement
2020-04-11,Vacances
2020-04-12,Vacances
2020-04-13,Vacances
2020-04-14,Vacances
2020-04-15,Vacances
2020-04-16,Vacances
2020-04-17,Vacances
2020-04-18,Vacances
2020-04-19,Vacances
2020-04-20,Vacances
2020-04-21,Vacances
2020-04-22,Vacances
2020-04-23,Vacances
2020-04-24,Vacances
2020-04-25,Vacances
2020-04-26,Vacances
2020-05-20,Pont de l'Ascension
2020-05-21,Pont de l'Ascension
2020-05-22,Pont de l'Ascension
2020-05-23,Pont de l'Ascension
2020-05-24,Pont de l'Ascension
2020-07-04,Vacances
2020-07-05,Vacances
2020-07-06,Vacances
2020-07-07,Vacances
2020-07-08,Vacances
2020-07-09,Vacances
2020-07-10,Vacances
2020-07-11,Vacances
2020-07-12,Vacances
2020-07-13,Vacances
2020-07-14,Vacances
2020-07-15,Vacances
2020-07-16,Vacances
2020-07-17,Vacances
2020-07-18,Vacances
2020-07-19,Vacances
2020-07-20,Vacances
2020-07-21,Vacances
2020-07-22,Vacances
2020-07-23,Vacances
2020-07-24,Vacances
2020-07-25,Vacances
2020-07-26,Vacances
2020-07-27,Vacances
2020-07-28,Vacances
2020-07-29,Vacances
2020-07-30,Vacances
2020-07-31,Vacances
2020-08-01,Vacances
2020-08-02,Vacances
2020-08-03,Vacances
2020-08-04,Vacances
2020-08-05,Vacances
2020-08-06,Vacances
2020-08-07,Vacances
2020-08-08,Vacances
2020-08-09,Vacances
2020-08-10,Vacances
2020-08-11,Vacances
2020-08-12,Vacances
2020-08-13,Vacances
2020-08-14,Vacances
2020-08-15,Vacances
2020-08-16,Vacances
2020-08-17,Vacances
2020-08-18,Vacances
2020-08-19,Vacances
2020-08-20,Vacances
2020-08-21,Vacances
2020-08-22,Vacances
2020-08-23,Vacances
2020-08-24,Vacances
2020-08-25,Vacances
2020-08-26,Vacances
2020-08-27,Vacances
2020-08-28,Vacances
2020-08-29,Vacances
2020-08-30,Vacances
2020-08-31,Vacances
2020-10-17,Vacances
2020-10-18,Vacances
2020-10-19,Vacances
2020-10-20,Vacances
2020-10-21,Vacances
2020-10-22,Vacances
2020-10-23,Vacances
2020-10-24,Vacances
2020-10-25,Vacances
2020-10-26,Vacances
2020-10-27,Vacances
2020-10-28,Vacances
2020-10-29,Vacances
2020-10-30,Vacances
2020-10-31,Vacances
2020-11-01,Vacances
2020-12-19,Vacances
2020-12-20,Vacances
2020-12-21,Vacances
2020-12-22,Vacances
2020-12-23,Vacances
2020-12-24,Vacances
2020-12-25,Vacances
2020-12-26,Vacances
2020-12-27,Vacances
2020-12-28,Vacances
2020-12-29,Vacances
2020-12-30,Vacances
2020-12-31,Vacances
2021-01-01,Vacances
2021-01-02,Vacances
2021-01-03,Vacances
2021-02-20,Vacances
2021-02-21,Vacances
2021-02-22,Vacances
2021-02-23,Vacances
2021-02-24,Vacances
2021-02-25,Vacances
2021-02-26,Vacances
2021-02-27,Vacances
2021-02-28,Vacances
2021-03-01,Vacances
2021-03-02,Vacances
2021-03-03,Vacances
2021-03-04,Vacances
2021-03-05,Vacances
2021-03-06,Vacances
2021-03-07,Vacances
2021-04-10,Vacances
2021-04-11,Vacances
2021-04-12,Vacances
2021-04-13,Vacances
2021-04-14,Vacances
2021-04-15,Vacances
2021-04-16,Vacances
2021-04-17,Vacances
2021-04-18,Vacances
2021-04-19,Vacances
2021-04-20,Vacances
2021-04-21,Vacances
2021-04-22,Vacances
2021-04-23,Vacances
2021-04-24,Vacances
2021-04-25,Vacances
2021-05-13,Pont de l'Ascension
2021-05-14,Pont de l'Ascension
2021-05-15,Pont de l'Ascension
2021-05-16,Pont de l'Ascension
2021-07-06,Vacances
2021-07-07,Vacances
2021-07-08,Vacances
2021-07-09,Vacances
2021-07-10,Vacances
2021-07-11,Vacances
2021-07-12,Vacances
2021-07-13,Vacances
2021-07-14,Vacances
2021-07-15,Vacances
2021-07-16,Vacances
2021-07-17,Vacances
2021-07-18,Vacances
2021-07-19,Vacances
2021-07-20,Vacances
2021-07-21,Vacances
2021-07-22,Vacances
2021-07-23,Vacances
2021-07-24,Vacances
2021-07-25,Vacances
2021-07-26,Vacances
2021-07-27,Vacances
2021-07-28,Vacances
2021-07-29,Vacances
2021-07-30,Vacances
2021-07-31,Vacances
2021-08-01,Vacances
2021-08-02,Vacances
2021-08-03,Vacances
2021-08-04,Vacances
2021-08-05,Vacances
2021-08-06,Vacances
2021-08-07,Vacances
2021-08-08,Vacances
2021-08-09,Vacances
2021-08-10,Vacances
2021-08-11,Vacances
2021-08-12,Vacances
2021-08-13,Vacances
2021-08-14,Vacances
2021-08-15,Vacances
2021-08-16,Vacances
2021-08-17,Vacances
2021-08-18,Vacances
2021-08-19,Vacances
2021-08-20,Vacances
2021-08-21,Vacances
2021-08-22,Vacances
2021-08-23,Vacances
2021-08-24,Vacances
2021-08-25,Vacances
2021-08-26,Vacances
2021-08-27,Vacances
2021-08-28,Vacances
2021-08-29,Vacances
2021-08-30,Vacances
2021-08-31,Vacances
2021-09-01,Vacances
2021-10-23,Vacances
2021-10-24,Vacances
2021-10-25,Vacances
2021-10-26,Vacances
2021-10-27,Vacances
2021-10-28,Vacances
2021-10-29,Vacances
2021-10-30,Vacances
2021-10-31,Vacances
2021-11-01,Vacances
2021-11-02,Vacances
2021-11-03,Vacances
2021-11-04,Vacances
2021-11-05,Vacances
2021-11-06,Vacances
2021-11-07,Vacances
2021-12-18,Vacances
2021-12-19,Vacances
2021-12-20,Vacances
2021-12-21,Vacances
2021-12-22,Vacances
2021-12-23,Vacances
2021-12-24,Vacances
2021-12-25,Vacances
2021-12-26,Vacances
2021-12-27,Vacances
2021-12-28,Vacances
2021-12-29,Vacances
2021-12-30,Vacances
2021-12-31,Vacances
2022-01-01,Vacances
2022-01-02,Vacances
2022-02-05,Vacances
2022-02-06,Vacances
2022-02-07,Vacances
2022-02-08,Vacances
2022-02-09,Vacances
2022-02-10,Vacances
2022-02-11,Vacances
2022-02-12,Vacances
2022-02-13,Vacances
2022-02-14,Vacances
2022-02-15,Vacances
2022-02-16,Vacances
2022-02-17,Vacances
2022-02-18,Vacances
2022-02-19,Vacances
2022-02-20,Vacances
2022-04-09,Vacances
2022-04-10,Vacances
2022-04-11,Vacances
2022-04-12,Vacances
2022-04-13,Vacances
2022-04-14,Vacances
2022-04-15,Vacances
2022-04-16,Vacances
2022-04-17,Vacances
2022-04-18,Vacances
2022-04-19,Vacances
2022-04-20,Vacances
2022-04-21,Vacances
2022-04-22,Vacances
2022-04-23,Vacances
2022-04-24,Vacances
2022-10-22,Vacances
2022-10-23,Vacances
2022-10-24,Vacances
2022-10-25,Vacances
2022-10-26,Vacances
2022-10-27,Vacances
2022-10-28,Vacances
2022-10-29,Vacances
2022-10-30,Vacances
2022-10-31,Vacances
2022-11-01,Vacances
2022-11-02,Vacances
2022-11-03,Vacances
2022-11-04,Vacances
2022-11-05,Vacances
2022-11-06,Vacances
2022-12-17,Vacances
2022-12-18,Vacances
2022-12-19,Vacances
2022-12-20,Vacances
2022-12-21,Vacances
2022-12-22,Vacances
2022-12-23,Vacances
2022-12-24,Vacances
2022-12-25,Vacances
2022-12-26,Vacances
2022-12-27,Vacances
2022-12-28,Vacances
2022-12-29,Vacances
2022-12-30,Vacances
2022-12-31,Vacances
2023-01-01,Vacances
2023-01-02,Vacances
2023-02-11,Vacances
2023-02-12,Vacances
2023-02-13,Vacances
2023-02-14,Vacances
2023-02-15,Vacances
2023-02-16,Vacances
2023-02-17,Vacances
2023-02-18,Vacances
2023-02-19,Vacances
2023-02-20,Vacances
2023-02-21,Vacances
2023-02-22,Vacances
2023-02-23,Vacances
2023-02-24,Vacances
2023-02-25,Vacances
2023-02-26,Vacances
2023-05-18,Pont de l'Ascension
2023-05-19,Pont de l'Ascension
2023-05-20,Pont de l'Ascension
2023-05-21,Pont de l'Ascension
2023-07-08,Vacances
2023-07-09,Vacances
2023-07-10,Vacances
2023-07-11,Vacances
2023-07-12,Vacances
2023-07-13,Vacances
2023-07-14,Vacances
2023-07-15,Vacances
2023-07-16,Vacances
2023-07-17,Vacances
2023-07-18,Vacances
2023-07-19,Vacances
2023-07-20,Vacances
2023-07-21,Vacances
2023-07-22,Vacances
2023-07-23,Vacances
2023-07-24,Vacances
2023-07-25,Vacances
2023-07-26,Vacances
2023-07-27,Vacances
2023-07-28,Vacances
2023-07-29,Vacances
2023-07-30,Vacances
2023-07-31,Vacances
2023-08-01,Vacances
2023-08-02,Vacances
2023-08-03,Vacances
2023-08-04,Vacances
2023-08-05,Vacances
2023-08-06,Vacances
2023-08-07,Vacances
2023-08-08,Vacances
2023-08-09,Vacances
2023-08-10,Vacances
2023-08-11,Vacances
2023-08-12,Vacances
2023-08-13,Vacances
2023-08-14,Vacances
2023-08-15,Vacances
2023-08-16,Vacances
2023-08-17,Vacances
2023-08-18,Vacances
2023-08-19,Vacances
2023-08-20,Vacances
2023-08-21,Vacances
2023-08-22,Vacances
2023-08-23,Vacances
2023-08-24,Vacances
2023-08-25,Vacances
2023-08-26,Vacances
2023-08-27,Vacances
2023-08-28,Vacances
2023-08-29,Vacances
2023-08-30,Vacances
2023-08-31,Vacances
2023-09-01,Vacances
2023-09-02,Vacances
2023-09-03,Vacances
2023-10-21,Vacances
2023-10-22,Vacances
2023-10-23,Vacances
2023-10-24,Vacances
2023-10-25,Vacances
2023-10-26,Vacances
2023-10-27,Vacances
2023-10-28,Vacances
2023-10-29,Vacances
2023-10-30,Vacances
2023-10-31,Vacances
2023-11-01,Vacances
2023-11-02,Vacances
2023-11-03,Vacances
2023-11-04,Vacances
2023-11-05,Vacances
2023-12-23,Vacances
2023-12-24,Vacances
2023-12-25,Vacances
2023-12-26,Vacances
2023-12-27,Vacances
2023-12-28,Vacances
2023-12-29,Vacances
2023-12-30,Vacances
2023-12-31,Vacances
2022-07-07,Vacances
2022-07-08,Vacances
2022-07-09,Vacances
2022-07-10,Vacances
2022-07-11,Vacances
2022-07-12,Vacances
2022-07-13,Vacances
2022-07-14,Vacances
2022-07-15,Vacances
2022-07-16,Vacances
2022-07-17,Vacances
2022-07-18,Vacances
2022-07-19,Vacances
2022-07-20,Vacances
2022-07-21,Vacances
2022-07-22,Vacances
2022-07-23,Vacances
2022-07-24,Vacances
2022-07-25,Vacances
2022-07-26,Vacances
2022-07-27,Vacances
2022-07-28,Vacances
2022-07-29,Vacances
2022-07-30,Vacances
2022-07-31,Vacances
2022-08-01,Vacances
2022-08-02,Vacances
2022-08-03,Vacances
2022-08-04,Vacances
2022-08-05,Vacances
2022-08-06,Vacances
2022-08-07,Vacances
2022-08-08,Vacances
2022-08-09,Vacances
2022-08-10,Vacances
2022-08-11,Vacances
2022-08-12,Vacances
2022-08-13,Vacances
2022-08-14,Vacances
2022-08-15,Vacances
2022-08-16,Vacances
2022-08-17,Vacances
2022-08-18,Vacances
2022-08-19,Vacances
2022-08-20,Vacances
2022-08-21,Vacances
2022-08-22,Vacances
2022-08-23,Vacances
2022-08-24,Vacances
2022-08-25,Vacances
2022-08-26,Vacances
2022-08-27,Vacances
2022-08-28,Vacances
2022-08-29,Vacances
2022-08-30,Vacances
2022-08-31,Vacances
2023-04-15,Vacances
2023-04-16,Vacances
2023-04-17,Vacances
2023-04-18,Vacances
2023-04-19,Vacances
2023-04-20,Vacances
2023-04-21,Vacances
2023-04-22,Vacances
2023-04-23,Vacances
2023-04-24,Vacances
2023-04-25,Vacances
2023-04-26,Vacances
2023-04-27,Vacances
2023-04-28,Vacances
2023-04-29,Vacances
2023-04-30,Vacances
2023-05-01,Vacances
2022-05-26,Pont de l'Ascension
2022-05-27,Pont de l'Ascension
